Field,Global Moran's I,Z-score,P-value
NDVI,0.8932715611260545,12.531715487582003,5.006782373214224e-36
